INSERT INTO PERSONS(ID, FIRST_NAME, SURNAME) values (1, 'Jan', 'Kowalski');
INSERT INTO PERSONS(ID, FIRST_NAME, SURNAME) values (2, 'Franciszek', 'Nowak');
INSERT INTO PERSONS(ID, FIRST_NAME, SURNAME) values (3, 'Maria', 'Lewandowska');
INSERT INTO PERSONS(ID, FIRST_NAME, SURNAME) values (4, 'Teresa', 'Wójcik');

INSERT INTO FILMS(ID, TITLE, DIRECTOR, DURATION) VALUES (1, 'Kiler', 'Juliusz Machulski', 104);
INSERT INTO FILMS(ID, TITLE, DIRECTOR, DURATION) VALUES (2, 'Lock, Stock and Two Smoking Barrels', 'Guy Ritchie', 126);
INSERT INTO FILMS(ID, TITLE, DIRECTOR, DURATION) VALUES (3, 'Psy 3. W imię zasad', 'Władysław Pasikowski', 120);
INSERT INTO FILMS(ID, TITLE, DIRECTOR, DURATION) VALUES (4, 'Bombshell', 'Jay Roach', 108);

INSERT INTO ROOMS(ID, NUMBER) VALUES (1, 1);
INSERT INTO ROOMS(ID, NUMBER) VALUES (2, 2);
INSERT INTO ROOMS(ID, NUMBER) VALUES (3, 3);

INSERT INTO SEATS(ID, ROOM_ID, SEAT_ROW, SEAT_PLACE) VALUES (1,1,'I',1);
INSERT INTO SEATS(ID, ROOM_ID, SEAT_ROW, SEAT_PLACE) VALUES (2,1,'I',2);
INSERT INTO SEATS(ID, ROOM_ID, SEAT_ROW, SEAT_PLACE) VALUES (3,1,'I',3);
INSERT INTO SEATS(ID, ROOM_ID, SEAT_ROW, SEAT_PLACE) VALUES (4,1,'I',4);
INSERT INTO SEATS(ID, ROOM_ID, SEAT_ROW, SEAT_PLACE) VALUES (5,1,'I',5);
INSERT INTO SEATS(ID, ROOM_ID, SEAT_ROW, SEAT_PLACE) VALUES (6,1,'II',1);
INSERT INTO SEATS(ID, ROOM_ID, SEAT_ROW, SEAT_PLACE) VALUES (7,1,'II',2);
INSERT INTO SEATS(ID, ROOM_ID, SEAT_ROW, SEAT_PLACE) VALUES (8,1,'II',3);
INSERT INTO SEATS(ID, ROOM_ID, SEAT_ROW, SEAT_PLACE) VALUES (9,1,'II',4);
INSERT INTO SEATS(ID, ROOM_ID, SEAT_ROW, SEAT_PLACE) VALUES (10,1,'II',5);
INSERT INTO SEATS(ID, ROOM_ID, SEAT_ROW, SEAT_PLACE) VALUES (11,1,'III',1);
INSERT INTO SEATS(ID, ROOM_ID, SEAT_ROW, SEAT_PLACE) VALUES (12,1,'III',2);
INSERT INTO SEATS(ID, ROOM_ID, SEAT_ROW, SEAT_PLACE) VALUES (13,1,'III',3);
INSERT INTO SEATS(ID, ROOM_ID, SEAT_ROW, SEAT_PLACE) VALUES (14,1,'III',4);
INSERT INTO SEATS(ID, ROOM_ID, SEAT_ROW, SEAT_PLACE) VALUES (15,1,'III',5);
INSERT INTO SEATS(ID, ROOM_ID, SEAT_ROW, SEAT_PLACE) VALUES (16,1,'IV',1);
INSERT INTO SEATS(ID, ROOM_ID, SEAT_ROW, SEAT_PLACE) VALUES (17,1,'IV',2);
INSERT INTO SEATS(ID, ROOM_ID, SEAT_ROW, SEAT_PLACE) VALUES (18,1,'IV',3);
INSERT INTO SEATS(ID, ROOM_ID, SEAT_ROW, SEAT_PLACE) VALUES (19,1,'IV',4);
INSERT INTO SEATS(ID, ROOM_ID, SEAT_ROW, SEAT_PLACE) VALUES (20,1,'IV',5);
INSERT INTO SEATS(ID, ROOM_ID, SEAT_ROW, SEAT_PLACE) VALUES (21,1,'V',1);
INSERT INTO SEATS(ID, ROOM_ID, SEAT_ROW, SEAT_PLACE) VALUES (22,1,'V',2);
INSERT INTO SEATS(ID, ROOM_ID, SEAT_ROW, SEAT_PLACE) VALUES (23,1,'V',3);
INSERT INTO SEATS(ID, ROOM_ID, SEAT_ROW, SEAT_PLACE) VALUES (24,1,'V',4);
INSERT INTO SEATS(ID, ROOM_ID, SEAT_ROW, SEAT_PLACE) VALUES (25,1,'V',5);
INSERT INTO SEATS(ID, ROOM_ID, SEAT_ROW, SEAT_PLACE) VALUES (26,1,'VI',1);
INSERT INTO SEATS(ID, ROOM_ID, SEAT_ROW, SEAT_PLACE) VALUES (27,1,'VI',2);
INSERT INTO SEATS(ID, ROOM_ID, SEAT_ROW, SEAT_PLACE) VALUES (28,1,'VI',3);
INSERT INTO SEATS(ID, ROOM_ID, SEAT_ROW, SEAT_PLACE) VALUES (29,1,'VI',4);
INSERT INTO SEATS(ID, ROOM_ID, SEAT_ROW, SEAT_PLACE) VALUES (30,1,'VI',5);
INSERT INTO SEATS(ID, ROOM_ID, SEAT_ROW, SEAT_PLACE) VALUES (31,2,'I',1);
INSERT INTO SEATS(ID, ROOM_ID, SEAT_ROW, SEAT_PLACE) VALUES (32,2,'I',2);
INSERT INTO SEATS(ID, ROOM_ID, SEAT_ROW, SEAT_PLACE) VALUES (33,2,'I',3);
INSERT INTO SEATS(ID, ROOM_ID, SEAT_ROW, SEAT_PLACE) VALUES (34,2,'I',4);
INSERT INTO SEATS(ID, ROOM_ID, SEAT_ROW, SEAT_PLACE) VALUES (35,2,'I',5);
INSERT INTO SEATS(ID, ROOM_ID, SEAT_ROW, SEAT_PLACE) VALUES (36,2,'II',1);
INSERT INTO SEATS(ID, ROOM_ID, SEAT_ROW, SEAT_PLACE) VALUES (37,2,'II',2);
INSERT INTO SEATS(ID, ROOM_ID, SEAT_ROW, SEAT_PLACE) VALUES (38,2,'II',3);
INSERT INTO SEATS(ID, ROOM_ID, SEAT_ROW, SEAT_PLACE) VALUES (39,2,'II',4);
INSERT INTO SEATS(ID, ROOM_ID, SEAT_ROW, SEAT_PLACE) VALUES (40,2,'II',5);
INSERT INTO SEATS(ID, ROOM_ID, SEAT_ROW, SEAT_PLACE) VALUES (41,2,'III',1);
INSERT INTO SEATS(ID, ROOM_ID, SEAT_ROW, SEAT_PLACE) VALUES (42,2,'III',2);
INSERT INTO SEATS(ID, ROOM_ID, SEAT_ROW, SEAT_PLACE) VALUES (43,2,'III',3);
INSERT INTO SEATS(ID, ROOM_ID, SEAT_ROW, SEAT_PLACE) VALUES (44,2,'III',4);
INSERT INTO SEATS(ID, ROOM_ID, SEAT_ROW, SEAT_PLACE) VALUES (45,2,'III',5);
INSERT INTO SEATS(ID, ROOM_ID, SEAT_ROW, SEAT_PLACE) VALUES (46,2,'IV',1);
INSERT INTO SEATS(ID, ROOM_ID, SEAT_ROW, SEAT_PLACE) VALUES (47,2,'IV',2);
INSERT INTO SEATS(ID, ROOM_ID, SEAT_ROW, SEAT_PLACE) VALUES (48,2,'IV',3);
INSERT INTO SEATS(ID, ROOM_ID, SEAT_ROW, SEAT_PLACE) VALUES (49,2,'IV',4);
INSERT INTO SEATS(ID, ROOM_ID, SEAT_ROW, SEAT_PLACE) VALUES (50,2,'IV',5);
INSERT INTO SEATS(ID, ROOM_ID, SEAT_ROW, SEAT_PLACE) VALUES (51,2,'V',1);
INSERT INTO SEATS(ID, ROOM_ID, SEAT_ROW, SEAT_PLACE) VALUES (52,2,'V',2);
INSERT INTO SEATS(ID, ROOM_ID, SEAT_ROW, SEAT_PLACE) VALUES (53,2,'V',3);
INSERT INTO SEATS(ID, ROOM_ID, SEAT_ROW, SEAT_PLACE) VALUES (54,2,'V',4);
INSERT INTO SEATS(ID, ROOM_ID, SEAT_ROW, SEAT_PLACE) VALUES (55,2,'V',5);
INSERT INTO SEATS(ID, ROOM_ID, SEAT_ROW, SEAT_PLACE) VALUES (56,2,'VI',1);
INSERT INTO SEATS(ID, ROOM_ID, SEAT_ROW, SEAT_PLACE) VALUES (57,2,'VI',2);
INSERT INTO SEATS(ID, ROOM_ID, SEAT_ROW, SEAT_PLACE) VALUES (58,2,'VI',3);
INSERT INTO SEATS(ID, ROOM_ID, SEAT_ROW, SEAT_PLACE) VALUES (59,2,'VI',4);
INSERT INTO SEATS(ID, ROOM_ID, SEAT_ROW, SEAT_PLACE) VALUES (60,2,'VI',5);
INSERT INTO SEATS(ID, ROOM_ID, SEAT_ROW, SEAT_PLACE) VALUES (61,3,'I',1);
INSERT INTO SEATS(ID, ROOM_ID, SEAT_ROW, SEAT_PLACE) VALUES (62,3,'I',2);
INSERT INTO SEATS(ID, ROOM_ID, SEAT_ROW, SEAT_PLACE) VALUES (63,3,'I',3);
INSERT INTO SEATS(ID, ROOM_ID, SEAT_ROW, SEAT_PLACE) VALUES (64,3,'I',4);
INSERT INTO SEATS(ID, ROOM_ID, SEAT_ROW, SEAT_PLACE) VALUES (65,3,'I',5);
INSERT INTO SEATS(ID, ROOM_ID, SEAT_ROW, SEAT_PLACE) VALUES (66,3,'II',1);
INSERT INTO SEATS(ID, ROOM_ID, SEAT_ROW, SEAT_PLACE) VALUES (67,3,'II',2);
INSERT INTO SEATS(ID, ROOM_ID, SEAT_ROW, SEAT_PLACE) VALUES (68,3,'II',3);
INSERT INTO SEATS(ID, ROOM_ID, SEAT_ROW, SEAT_PLACE) VALUES (69,3,'II',4);
INSERT INTO SEATS(ID, ROOM_ID, SEAT_ROW, SEAT_PLACE) VALUES (70,3,'II',5);
INSERT INTO SEATS(ID, ROOM_ID, SEAT_ROW, SEAT_PLACE) VALUES (71,3,'III',1);
INSERT INTO SEATS(ID, ROOM_ID, SEAT_ROW, SEAT_PLACE) VALUES (72,3,'III',2);
INSERT INTO SEATS(ID, ROOM_ID, SEAT_ROW, SEAT_PLACE) VALUES (73,3,'III',3);
INSERT INTO SEATS(ID, ROOM_ID, SEAT_ROW, SEAT_PLACE) VALUES (74,3,'III',4);
INSERT INTO SEATS(ID, ROOM_ID, SEAT_ROW, SEAT_PLACE) VALUES (75,3,'III',5);
INSERT INTO SEATS(ID, ROOM_ID, SEAT_ROW, SEAT_PLACE) VALUES (76,3,'IV',1);
INSERT INTO SEATS(ID, ROOM_ID, SEAT_ROW, SEAT_PLACE) VALUES (77,3,'IV',2);
INSERT INTO SEATS(ID, ROOM_ID, SEAT_ROW, SEAT_PLACE) VALUES (78,3,'IV',3);
INSERT INTO SEATS(ID, ROOM_ID, SEAT_ROW, SEAT_PLACE) VALUES (79,3,'IV',4);
INSERT INTO SEATS(ID, ROOM_ID, SEAT_ROW, SEAT_PLACE) VALUES (80,3,'IV',5);
INSERT INTO SEATS(ID, ROOM_ID, SEAT_ROW, SEAT_PLACE) VALUES (81,3,'V',1);
INSERT INTO SEATS(ID, ROOM_ID, SEAT_ROW, SEAT_PLACE) VALUES (82,3,'V',2);
INSERT INTO SEATS(ID, ROOM_ID, SEAT_ROW, SEAT_PLACE) VALUES (83,3,'V',3);
INSERT INTO SEATS(ID, ROOM_ID, SEAT_ROW, SEAT_PLACE) VALUES (84,3,'V',4);
INSERT INTO SEATS(ID, ROOM_ID, SEAT_ROW, SEAT_PLACE) VALUES (85,3,'V',5);
INSERT INTO SEATS(ID, ROOM_ID, SEAT_ROW, SEAT_PLACE) VALUES (86,3,'VI',1);
INSERT INTO SEATS(ID, ROOM_ID, SEAT_ROW, SEAT_PLACE) VALUES (87,3,'VI',2);
INSERT INTO SEATS(ID, ROOM_ID, SEAT_ROW, SEAT_PLACE) VALUES (88,3,'VI',3);
INSERT INTO SEATS(ID, ROOM_ID, SEAT_ROW, SEAT_PLACE) VALUES (89,3,'VI',4);
INSERT INTO SEATS(ID, ROOM_ID, SEAT_ROW, SEAT_PLACE) VALUES (90,3,'VI',5);

INSERT INTO SCREENINGS(ID, FILM_ID, ROOM_ID, TIME) VALUES (1, 1, 1, DATEADD('HOUR', 24, CURRENT_TIMESTAMP()));
INSERT INTO SCREENINGS(ID, FILM_ID, ROOM_ID, TIME) VALUES (2, 4, 1, DATEADD('HOUR', 26, CURRENT_TIMESTAMP()));
INSERT INTO SCREENINGS(ID, FILM_ID, ROOM_ID, TIME) VALUES (3, 2, 2, DATEADD('HOUR', 24, CURRENT_TIMESTAMP()));
INSERT INTO SCREENINGS(ID, FILM_ID, ROOM_ID, TIME) VALUES (4, 1, 2, DATEADD('HOUR', 27, CURRENT_TIMESTAMP()));
INSERT INTO SCREENINGS(ID, FILM_ID, ROOM_ID, TIME) VALUES (5, 3, 3, DATEADD('HOUR', 24, CURRENT_TIMESTAMP()));
INSERT INTO SCREENINGS(ID, FILM_ID, ROOM_ID, TIME) VALUES (6, 4, 3, DATEADD('MINUTE', 1590, CURRENT_TIMESTAMP()));

INSERT INTO RESERVATIONS(ID, PERSON_ID) VALUES (1, 1);
INSERT INTO RESERVATIONS(ID, PERSON_ID) VALUES (2, 3);
INSERT INTO RESERVATIONS(ID, PERSON_ID) VALUES (3, 2);
INSERT INTO RESERVATIONS(ID, PERSON_ID) VALUES (4, 1);
INSERT INTO RESERVATIONS(ID, PERSON_ID) VALUES (5, 1);

INSERT INTO TICKETS(ID, RESERVATION_ID, SCREENING_ID, SEAT_ID, PRICE) VALUES (1, 2, 5, 61, 12.50);
INSERT INTO TICKETS(ID, RESERVATION_ID, SCREENING_ID, SEAT_ID, PRICE) VALUES (2, 2, 5, 62, 25.00);
INSERT INTO TICKETS(ID, RESERVATION_ID, SCREENING_ID, SEAT_ID, PRICE) VALUES (3, 2, 5, 63, 18.00);
INSERT INTO TICKETS(ID, RESERVATION_ID, SCREENING_ID, SEAT_ID, PRICE) VALUES (4, 3, 5, 75, 25.00);
INSERT INTO TICKETS(ID, RESERVATION_ID, SCREENING_ID, SEAT_ID, PRICE) VALUES (5, 5, 1, 17, 25.00);
INSERT INTO TICKETS(ID, RESERVATION_ID, SCREENING_ID, SEAT_ID, PRICE) VALUES (6, 4, 1, 16, 18.00);
INSERT INTO TICKETS(ID, RESERVATION_ID, SCREENING_ID, SEAT_ID, PRICE) VALUES (7, 1, 2, 23, 18.00);
